﻿<parameters>
  <parameter name="IIS Web Application Name" defaultValue="Default Web Site/" tags="IisApp">
    <parameterEntry kind="ProviderPath" scope="IisApp" match="^C:\\Users\\nmcc1_000\\OneDrive\\UI450\\ContractGenerator\\ContractGenerator\\ContractGenerator\\ContractGenerator\\ContractGenerator\\ContractGenerator\\obj\\Debug\\Package\\PackageTmp$" />
    <parameterEntry kind="ProviderPath" scope="setAcl" match="^C:\\Users\\nmcc1_000\\OneDrive\\UI450\\ContractGenerator\\ContractGenerator\\ContractGenerator\\ContractGenerator\\ContractGenerator\\ContractGenerator\\obj\\Debug\\Package\\PackageTmp$" />
  </parameter>
  <parameter name="Add write permission to App_Data Folder" description="Add write permission to App_Data folder" defaultValue="{IIS Web Application Name}/App_Data" tags="Hidden">
    <parameterEntry kind="ProviderPath" scope="setAcl" match="^C:\\Users\\nmcc1_000\\OneDrive\\UI450\\ContractGenerator\\ContractGenerator\\ContractGenerator\\ContractGenerator\\ContractGenerator\\ContractGenerator\\obj\\Debug\\Package\\PackageTmp\\App_Data$" />
  </parameter>
  <parameter name="ContractGen-Web.config Connection String" description="ContractGen Connection String used in web.config by the application to access the database." defaultValue="Data Source=(LocalDB)\v11.0;AttachDbFilename=C:\Databases\ContractGen.mdf;Integrated Security=True;Connect Timeout=30" tags="SqlConnectionString">
    <parameterEntry kind="XmlFile" scope="C:\\Users\\nmcc1_000\\OneDrive\\UI450\\ContractGenerator\\ContractGenerator\\ContractGenerator\\ContractGenerator\\ContractGenerator\\ContractGenerator\\obj\\Debug\\Package\\PackageTmp\\Web\.config$" match="/configuration/connectionStrings/add[@name='ContractGen']/@connectionString" />
  </parameter>
</parameters>